# plot-time, real-time,Q0,Q1,Q2,Q3,Q4,Q5,Q6,Q7,Q8
0, 0, 0, 0, 0, 0, 0, 0, 0, 0, 0
0.0075, 0.0075, -1.43151e-09, -2.34163e-23, -2.3203e-23, 8.39731e-08, 7.46186e-08, 7.46186e-08, 5.21438e-23, 5.24399e-23, 1.45831e-25
0.015, 0.015, -1.98685e-09, -1.49798e-23, -1.46051e-23, 1.59202e-07, 1.44976e-07, 1.44976e-07, 1.1747e-23, 1.21697e-23, 1.03514e-25
0.0225, 0.0225, -2.21968e-09, 2.06112e-24, 3.2706e-24, 2.61526e-07, 2.44389e-07, 2.44389e-07, -5.05829e-23, -5.10439e-23, -5.44331e-25
0.03, 0.03, -1.94706e-09, 2.53243e-23, 3.21126e-23, 4.01949e-07, 3.855e-07, 3.855e-07, -1.26749e-22, -1.25591e-22, -1.13717e-24
0.0375, 0.0375, -9.23201e-10, 5.70041e-23, 6.18128e-23, 5.96546e-07, 5.86651e-07, 5.86651e-07, -1.96941e-22, -1.9806e-22, -1.13546e-24
0.045, 0.045, 1.19474e-09, 9.56205e-23, 1.04471e-22, 8.68479e-07, 8.74196e-07, 8.74196e-07, -2.49443e-22, -2.58687e-22, -2.38279e-24
0.0525, 0.0525, 4.89518e-09, 1.51095e-22, 1.57356e-22, 1.25075e-06, 1.28571e-06, 1.28571e-06, -2.80448e-22, -2.96203e-22, -3.2206e-24
0.06, 0.06, 1.08819e-08, 2.20377e-22, 2.23581e-22, 1.78995e-06, 1.87437e-06, 1.87437e-06, -2.73394e-22, -3.07305e-22, 4.58366e-25
0.0675, 0.0675, 2.01738e-08, 2.98282e-22, 3.07965e-22, 2.55138e-06, 2.71503e-06, 2.71503e-06, -2.41322e-22, -3.00152e-22, 6.54689e-24
0.075, 0.075, 3.42473e-08, 4.10362e-22, 4.17842e-22, 3.62595e-06, 3.9124e-06, 3.9124e-06, -1.56253e-22, -2.15936e-22, 6.17791e-24
0.0825, 0.0825, 5.5238e-08, 5.77065e-22, 5.6194e-22, 5.13948e-06, 5.61226e-06, 5.61226e-06, 3.2498e-23, -7.40784e-23, 3.3004e-23
0.09, 0.09, 8.62232e-08, 7.65525e-22, 7.7058e-22, 7.26514e-06, 8.01654e-06, 8.01654e-06, 3.56519e-22, 1.86593e-22, 5.52124e-23
0.0975, 0.0975, 1.31619e-07, 1.05303e-21, 1.09335e-21, 1.024e-05, 1.14036e-05, 1.14036e-05, 8.95411e-22, 6.34324e-22, 9.8518e-23
0.105, 0.105, 1.97733e-07, 1.56512e-21, 1.4755e-21, 1.43869e-05, 1.61552e-05, 1.61552e-05, 1.68769e-21, 1.25309e-21, 1.32725e-22
0.1125, 0.1125, 2.93526e-07, 2.18633e-21, 2.02871e-21, 2.01432e-05, 2.27927e-05, 2.27927e-05, 2.67425e-21, 2.17973e-21, 2.0387e-22
0.12, 0.12, 4.31664e-07, 2.83269e-21, 2.86334e-21, 2.80985e-05, 3.20245e-05, 3.20245e-05, 4.19312e-21, 3.80336e-21, 3.52737e-22
0.1275, 0.1275, 6.29965e-07, 3.87311e-21, 4.06408e-21, 3.90435e-05, 4.48087e-05, 4.48087e-05, 6.9985e-21, 6.22638e-21, 4.69218e-22
0.135, 0.135, 9.13351e-07, 5.06775e-21, 5.40142e-21, 5.4033e-05, 6.24348e-05, 6.24348e-05, 1.00246e-20, 1.03242e-20, 5.31653e-22
0.1425, 0.1425, 1.31652e-06, 6.88217e-21, 7.25999e-21, 7.44669e-05, 8.66303e-05, 8.66303e-05, 1.59054e-20, 1.60621e-20, 3.31287e-22
0.15, 0.15, 1.88753e-06, 8.90138e-21, 1.02951e-20, 0.000102193, 0.000119698, 0.000119698, 2.55231e-20, 2.51639e-20, 4.69992e-22
0.1575, 0.1575, 2.6926e-06, 1.20472e-20, 1.32889e-20, 0.000139639, 0.000164694, 0.000164694, 3.84384e-20, 3.63245e-20, 6.38134e-22
0.165, 0.165, 3.82251e-06, 1.63679e-20, 1.76462e-20, 0.000189974, 0.000225653, 0.000225653, 5.93078e-20, 5.72528e-20, 7.99917e-22
0.1725, 0.1725, 5.40114e-06, 2.31286e-20, 2.40623e-20, 0.000257316, 0.000307877, 0.000307877, 8.73815e-20, 8.50996e-20, 1.85046e-21
0.18, 0.18, 7.59663e-06, 3.30213e-20, 3.14884e-20, 0.000346986, 0.000418298, 0.000418298, 1.26635e-19, 1.25549e-19, 3.67498e-21
0.1875, 0.1875, 1.06361e-05, 4.16642e-20, 4.34021e-20, 0.000465819, 0.000565937, 0.000565937, 1.82551e-19, 1.83159e-19, 5.05268e-21
0.195, 0.195, 1.48248e-05, 5.4277e-20, 5.76619e-20, 0.000622547, 0.000762474, 0.000762474, 2.61358e-19, 2.66991e-19, 5.9448e-21
0.2025, 0.2025, 2.05708e-05, 7.47099e-20, 7.93369e-20, 0.000828262, 0.00102296, 0.00102296, 3.75813e-19, 3.82808e-19, 1.18091e-20
0.21, 0.21, 2.84175e-05, 9.99962e-20, 1.00854e-19, 0.00109697, 0.00136669, 0.00136669, 5.41023e-19, 5.48593e-19, 9.01946e-21
0.2175, 0.2175, 3.9084e-05, 1.3384e-19, 1.31695e-19, 0.00144625, 0.00181827, 0.00181827, 7.49389e-19, 7.6498e-19, 3.14302e-21
0.225, 0.225, 5.35179e-05, 1.71143e-19, 1.68163e-19, 0.00189804, 0.00240896, 0.00240896, 1.08153e-18, 1.08984e-18, -1.15849e-20
0.2325, 0.2325, 7.29613e-05, 2.04164e-19, 2.09265e-19, 0.00247954, 0.00317819, 0.00317819, 1.48148e-18, 1.52988e-18, -2.65139e-21
0.24, 0.24, 9.90344e-05, 2.49565e-19, 2.66158e-19, 0.00322425, 0.00417553, 0.00417553, 2.10101e-18, 2.13549e-18, 1.08599e-20
0.2475, 0.2475, 0.00013384, 3.23843e-19, 3.2812e-19, 0.00417318, 0.00546295, 0.00546295, 2.93046e-18, 3.03979e-18, 1.51645e-20
0.255, 0.255, 0.000180094, 3.71533e-19, 3.85574e-19, 0.0053762, 0.0071175, 0.0071175, 4.01142e-18, 4.12546e-18, 1.91981e-21
0.2625, 0.2625, 0.000241284, 4.15379e-19, 4.54643e-19, 0.0068935, 0.00923449, 0.00923449, 5.53627e-18, 5.57842e-18, 1.59777e-20
0.27, 0.27, 0.000321871, 5.20629e-19, 5.45432e-19, 0.00879725, 0.0119312, 0.0119312, 7.72776e-18, 7.85324e-18, 3.16972e-20
0.2775, 0.2775, 0.000427526, 6.04353e-19, 6.30634e-19, 0.0111733, 0.0153513, 0.0153513, 1.06731e-17, 1.04844e-17, 1.36501e-19
0.285, 0.285, 0.000565428, 6.38128e-19, 7.19621e-19, 0.0141229, 0.0196696, 0.0196696, 1.44714e-17, 1.43777e-17, 1.7579e-19
0.2925, 0.2925, 0.000744613, 7.71002e-19, 8.41622e-19, 0.0177647, 0.0250978, 0.0250978, 1.95679e-17, 1.93392e-17, 2.96031e-19
0.3, 0.3, 0.000976398, 7.92543e-19, 8.36753e-19, 0.0222364, 0.0318911, 0.0318911, 2.65852e-17, 2.67089e-17, 1.83714e-19
0.3075, 0.3075, 0.00127488, 6.19997e-19, 6.76819e-19, 0.0276961, 0.0403549, 0.0403549, 3.57405e-17, 3.55366e-17, 2.12113e-19
0.315, 0.315, 0.00165755, 4.53394e-19, 7.61369e-19, 0.0343241, 0.0508532, 0.0508532, 4.7595e-17, 4.79296e-17, 2.02868e-19
0.3225, 0.3225, 0.00214595, 8.956e-20, 6.06442e-19, 0.042323, 0.0638173, 0.0638173, 6.4095e-17, 6.24747e-17, 1.87625e-19
0.33, 0.33, 0.00276651, -3.72119e-19, 1.66599e-19, 0.0519184, 0.0797551, 0.0797551, 8.46331e-17, 8.26126e-17, 3.51774e-19
0.3375, 0.3375, 0.00355149, -9.97277e-19, -5.21278e-19, 0.063358, 0.0992613, 0.0992613, 1.11755e-16, 1.1042e-16, -4.04515e-19
0.345, 0.345, 0.00454002, -2.21599e-18, -1.53669e-18, 0.0769092, 0.123028, 0.123028, 1.46897e-16, 1.43772e-16, -1.05862e-18
0.3525, 0.3525, 0.00577933, -4.60128e-18, -3.20726e-18, 0.0928562, 0.151858, 0.151858, 1.91297e-16, 1.88453e-16, -2.73613e-19
0.36, 0.36, 0.00732612, -7.27008e-18, -6.32423e-18, 0.111494, 0.186672, 0.186672, 2.47344e-16, 2.44266e-16, -2.76141e-19
0.3675, 0.3675, 0.00924807, -1.09821e-17, -1.00498e-17, 0.133123, 0.228525, 0.228525, 3.1916e-16, 3.10693e-16, 2.23925e-19
0.375, 0.375, 0.0116255, -1.57923e-17, -1.50143e-17, 0.158033, 0.278615, 0.278615, 4.0869e-16, 4.09027e-16, 1.13672e-18
0.3825, 0.3825, 0.0145532, -2.16636e-17, -2.17705e-17, 0.186497, 0.338294, 0.338294, 5.16719e-16, 5.34942e-16, 3.42385e-18
0.39, 0.39, 0.0181425, -3.0184e-17, -3.02516e-17, 0.21875, 0.409079, 0.409079, 6.65131e-16, 6.71587e-16, 2.54758e-18
0.3975, 0.3975, 0.0225232, -4.33295e-17, -4.35483e-17, 0.254967, 0.492661, 0.492661, 8.44439e-16, 8.443e-16, -1.10779e-18
0.405, 0.405, 0.0278459, -6.09347e-17, -6.34166e-17, 0.295243, 0.590909, 0.590909, 1.06132e-15, 1.09429e-15, -3.57277e-18
0.4125, 0.4125, 0.034284, -8.52442e-17, -8.61684e-17, 0.339556, 0.70588, 0.70588, 1.34079e-15, 1.37131e-15, -3.79225e-18
0.42, 0.42, 0.0420364, -1.17345e-16, -1.17972e-16, 0.387736, 0.839816, 0.839816, 1.68774e-15, 1.72499e-15, -6.16961e-18
0.4275, 0.4275, 0.0513294, -1.52175e-16, -1.56751e-16, 0.439426, 0.995143, 0.995143, 2.10898e-15, 2.16923e-15, -6.03593e-18
0.435, 0.435, 0.0624188, -2.07903e-16, -2.10218e-16, 0.494032, 1.17447, 1.17447, 2.66016e-15, 2.73103e-15, -8.45536e-18
0.4425, 0.4425, 0.0755923, -2.71039e-16, -2.74022e-16, 0.550679, 1.38058, 1.38058, 3.30591e-15, 3.34788e-15, -8.63619e-18
0.45, 0.45, 0.0911705, -3.51462e-16, -3.57366e-16, 0.608152, 1.61641, 1.61641, 4.12355e-15, 4.11299e-15, -5.69205e-18
0.4575, 0.4575, 0.109509, -4.58422e-16, -4.62247e-16, 0.664838, 1.88504, 1.88504, 5.08432e-15, 5.09634e-15, -1.554e-17
0.465, 0.465, 0.130997, -5.98464e-16, -5.96819e-16, 0.71867, 2.18965, 2.18965, 6.22921e-15, 6.26498e-15, -2.0166e-17
0.4725, 0.4725, 0.156063, -7.65018e-16, -7.63371e-16, 0.767058, 2.53355, 2.53355, 7.64673e-15, 7.76393e-15, 5.3684e-18
0.48, 0.48, 0.185165, -9.60173e-16, -9.67664e-16, 0.806833, 2.92007, 2.92007, 9.38776e-15, 9.48239e-15, -1.82258e-17
0.4875, 0.4875, 0.2188, -1.21631e-15, -1.21042e-15, 0.834184, 3.35256, 3.35256, 1.1477e-14, 1.13716e-14, -8.18488e-20
0.495, 0.495, 0.257493, -1.51031e-15, -1.5006e-15, 0.844601, 3.83438, 3.83438, 1.38325e-14, 1.39304e-14, 2.22208e-17
0.5025, 0.5025, 0.301795, -1.87825e-15, -1.8653e-15, 0.83283, 4.36879, 4.36879, 1.67736e-14, 1.70597e-14, -3.58542e-17
0.51, 0.51, 0.352284, -2.30853e-15, -2.29892e-15, 0.792831, 4.95897, 4.95897, 2.02048e-14, 1.99339e-14, -7.04616e-17
0.5175, 0.5175, 0.409551, -2.8187e-15, -2.81304e-15, 0.717751, 5.60792, 5.60792, 2.41509e-14, 2.4383e-14, -4.71531e-17
0.525, 0.525, 0.474197, -3.43594e-15, -3.4251e-15, 0.599918, 6.31846, 6.31846, 2.88354e-14, 2.92368e-14, -6.3424e-17
0.5325, 0.5325, 0.546824, -4.17308e-15, -4.13851e-15, 0.430841, 7.09316, 7.09316, 3.44403e-14, 3.44659e-14, -8.17934e-17
0.54, 0.54, 0.628022, -5.01229e-15, -4.97851e-15, 0.201246, 7.93428, 7.93428, 4.06686e-14, 4.12497e-14, -6.59643e-17
0.5475, 0.5475, 0.718359, -6.02716e-15, -5.95153e-15, -0.0988741, 8.8438, 8.8438, 4.79459e-14, 4.84185e-14, -4.23642e-17
0.555, 0.555, 0.818369, -7.19741e-15, -7.1072e-15, -0.480178, 9.82333, 9.82333, 5.64796e-14, 5.67576e-14, -1.03313e-16
0.5625, 0.5625, 0.928535, -8.54674e-15, -8.45872e-15, -0.953868, 10.8741, 10.8741, 6.63194e-14, 6.65824e-14, -9.80639e-17
0.57, 0.57, 1.04928, -1.01206e-14, -1.0014e-14, -1.53155, 11.997, 11.997, 7.74733e-14, 7.63441e-14, 3.94007e-17
0.5775, 0.5775, 1.18093, -1.19374e-14, -1.17712e-14, -2.22506, 13.1925, 13.1925, 8.98269e-14, 9.08398e-14, 1.83616e-17
0.585, 0.585, 1.32372, -1.39998e-14, -1.38741e-14, -3.04629, 14.4608, 14.4608, 1.04464e-13, 1.03654e-13, 1.82108e-16
0.5925, 0.5925, 1.4778, -1.6297e-14, -1.6245e-14, -4.00692, 15.8016, 15.8016, 1.2047e-13, 1.20459e-13, 2.44861e-16
0.6, 0.6, 1.64314, -1.89272e-14, -1.88699e-14, -5.11821, 17.2144, 17.2144, 1.38703e-13, 1.37837e-13, 1.96469e-16
0.6075, 0.6075, 1.81958, -2.19185e-14, -2.18359e-14, -6.39068, 18.6984, 18.6984, 1.59733e-13, 1.58043e-13, 1.26295e-17
0.615, 0.615, 2.00683, -2.52845e-14, -2.51848e-14, -7.83389, 20.2527, 20.2527, 1.81692e-13, 1.81265e-13, -1.01462e-16
0.6225, 0.6225, 2.20437, -2.90137e-14, -2.89591e-14, -9.45605, 21.8761, 21.8761, 2.09103e-13, 2.08357e-13, 1.68756e-16
0.63, 0.63, 2.41155, -3.32001e-14, -3.31047e-14, -11.2638, 23.5674, 23.5674, 2.37456e-13, 2.36437e-13, -2.9387e-16
0.6375, 0.6375, 2.62748, -3.77619e-14, -3.76657e-14, -13.2618, 25.3255, 25.3255, 2.70472e-13, 2.6756e-13, -5.0664e-16
0.645, 0.645, 2.8511, -4.28061e-14, -4.25256e-14, -15.4527, 27.1493, 27.1493, 3.04576e-13, 3.05433e-13, -1.43811e-16
0.6525, 0.6525, 3.08115, -4.81543e-14, -4.81635e-14, -17.8364, 29.0378, 29.0378, 3.4362e-13, 3.40634e-13, -1.16272e-16
0.66, 0.66, 3.31615, -5.40848e-14, -5.4098e-14, -20.4104, 30.9902, 30.9902, 3.87121e-13, 3.86163e-13, -6.9445e-18
0.6675, 0.6675, 3.55446, -6.05295e-14, -6.05611e-14, -23.1692, 33.006, 33.006, 4.31006e-13, 4.30439e-13, 1.79888e-16
0.675, 0.675, 3.79424, -6.74037e-14, -6.73301e-14, -26.1041, 35.0852, 35.0852, 4.82212e-13, 4.79498e-13, 2.08623e-16
0.6825, 0.6825, 4.03349, -7.49713e-14, -7.48844e-14, -29.2036, 37.2279, 37.2279, 5.36014e-13, 5.36095e-13, -2.98824e-16
0.69, 0.69, 4.27007, -8.29467e-14, -8.28992e-14, -32.4528, 39.4345, 39.4345, 5.93183e-13, 5.89357e-13, -1.73626e-16
0.6975, 0.6975, 4.50173, -9.13897e-14, -9.1771e-14, -35.8339, 41.7059, 41.7059, 6.58921e-13, 6.59181e-13, -4.00946e-16
0.705, 0.705, 4.72612, -1.00365e-13, -1.00459e-13, -39.326, 44.043, 44.043, 7.24589e-13, 7.24926e-13, 2.05488e-17
0.7125, 0.7125, 4.94083, -1.09878e-13, -1.10053e-13, -42.9054, 46.4472, 46.4472, 7.99867e-13, 7.96488e-13, -7.482e-16
0.72, 0.72, 5.14343, -1.19781e-13, -1.19893e-13, -46.5461, 48.9199, 48.9199, 8.77222e-13, 8.75219e-13, -6.26137e-16
0.7275, 0.7275, 5.33153, -1.30047e-13, -1.30393e-13, -50.2196, 51.4622, 51.4622, 9.6003e-13, 9.5857e-13, -6.86005e-16
0.735, 0.735, 5.50277, -1.40653e-13, -1.40742e-13, -53.896, 54.0756, 54.0756, 1.04699e-12, 1.04315e-12, -1.27771e-15
0.7425, 0.7425, 5.65489, -1.51476e-13, -1.51883e-13, -57.5439, 56.7607, 56.7607, 1.14168e-12, 1.14717e-12, -1.41785e-15
0.75, 0.75, 5.78578, -1.62582e-13, -1.62791e-13, -61.1311, 59.5182, 59.5182, 1.23489e-12, 1.22059e-12, -2.14012e-15
0.7575, 0.7575, 5.8935, -1.7417e-13, -1.74299e-13, -64.6254, 62.3476, 62.3476, 1.33783e-12, 1.3268e-12, -3.43739e-15
0.765, 0.765, 5.97633, -1.85496e-13, -1.86187e-13, -67.9948, 65.2479, 65.2479, 1.44633e-12, 1.4356e-12, -3.06795e-15
0.7725, 0.7725, 6.03281, -1.97094e-13, -1.97672e-13, -71.2083, 68.2172, 68.2172, 1.55574e-12, 1.55544e-12, -3.32346e-15
0.78, 0.78, 6.06176, -2.08591e-13, -2.09164e-13, -74.2366, 71.2521, 71.2521, 1.66777e-12, 1.66425e-12, -2.30404e-15
0.7875, 0.7875, 6.0623, -2.20075e-13, -2.20473e-13, -77.0524, 74.3481, 74.3481, 1.78599e-12, 1.78636e-12, -2.75091e-15
0.795, 0.795, 6.0339, -2.31142e-13, -2.31623e-13, -79.6313, 77.4994, 77.4994, 1.90348e-12, 1.89552e-12, -2.82847e-15
0.8025, 0.8025, 5.97637, -2.4204e-13, -2.42543e-13, -81.952, 80.6983, 80.6983, 2.03209e-12, 2.03592e-12, -3.35007e-15
0.81, 0.81, 5.88989, -2.52736e-13, -2.53382e-13, -83.9968, 83.9358, 83.9358, 2.15857e-12, 2.15278e-12, -2.47162e-15
0.8175, 0.8175, 5.77499, -2.6296e-13, -2.63296e-13, -85.7523, 87.2012, 87.2012, 2.29061e-12, 2.28254e-12, -1.07779e-15
0.825, 0.825, 5.63257, -2.72113e-13, -2.72647e-13, -87.2092, 90.4824, 90.4824, 2.42207e-12, 2.41221e-12, -1.62906e-15
0.8325, 0.8325, 5.46386, -2.80914e-13, -2.81567e-13, -88.3628, 93.7656, 93.7656, 2.55114e-12, 2.55199e-12, -2.29728e-15
0.84, 0.84, 5.27045, -2.8892e-13, -2.89561e-13, -89.213, 97.0355, 97.0355, 2.69279e-12, 2.67859e-12, -6.3339e-16
0.8475, 0.8475, 5.05422, -2.96178e-13, -2.96969e-13, -89.7643, 100.276, 100.276, 2.82719e-12, 2.83045e-12, -2.75072e-15
0.855, 0.855, 4.81733, -3.02299e-13, -3.03074e-13, -90.026, 103.469, 103.469, 2.95521e-12, 2.9458e-12, -1.47427e-15
0.8625, 0.8625, 4.56217, -3.07725e-13, -3.08521e-13, -90.0113, 106.597, 106.597, 3.09407e-12, 3.06114e-12, -1.48451e-15
0.87, 0.87, 4.29137, -3.12394e-13, -3.12826e-13, -89.7379, 109.641, 109.641, 3.23298e-12, 3.20431e-12, -1.18392e-15
0.8775, 0.8775, 4.00768, -3.15839e-13, -3.1584e-13, -89.2269, 112.582, 112.582, 3.36459e-12, 3.34001e-12, -3.03387e-15
0.885, 0.885, 3.714, -3.18066e-13, -3.17949e-13, -88.5029, 115.401, 115.401, 3.49963e-12, 3.49105e-12, 1.57e-16
0.8925, 0.8925, 3.41327, -3.19233e-13, -3.18996e-13, -87.593, 118.079, 118.079, 3.61469e-12, 3.60883e-12, -2.99972e-15
0.9, 0.9, 3.10849, -3.19281e-13, -3.19133e-13, -86.5267, 120.599, 120.599, 3.74155e-12, 3.70861e-12, -2.65501e-15
0.9075, 0.9075, 2.80261, -3.18187e-13, -3.1786e-13, -85.3349, 122.943, 122.943, 3.86822e-12, 3.85083e-12, -2.70299e-15
0.915, 0.915, 2.49851, -3.15919e-13, -3.15954e-13, -84.0497, 125.096, 125.096, 3.98411e-12, 3.97496e-12, -2.9564e-15
0.9225, 0.9225, 2.19897, -3.12791e-13, -3.1274e-13, -82.7035, 127.045, 127.045, 4.09508e-12, 4.07773e-12, -1.92138e-15
0.93, 0.93, 1.90661, -3.08528e-13, -3.0834e-13, -81.3284, 128.777, 128.777, 4.19851e-12, 4.1869e-12, -4.72806e-15
0.9375, 0.9375, 1.62388, -3.03234e-13, -3.0301e-13, -79.9559, 130.282, 130.282, 4.29765e-12, 4.28845e-12, -3.91711e-15
0.945, 0.945, 1.35299, -2.97042e-13, -2.96694e-13, -78.6158, 131.553, 131.553, 4.38934e-12, 4.39723e-12, -5.24762e-15
0.9525, 0.9525, 1.09593, -2.89992e-13, -2.89931e-13, -77.3365, 132.586, 132.586, 4.49227e-12, 4.48025e-12, -3.8416e-15
0.96, 0.96, 0.854399, -2.82269e-13, -2.82044e-13, -76.1437, 133.377, 133.377, 4.57692e-12, 4.57197e-12, -6.69712e-15
0.9675, 0.9675, 0.629841, -2.73778e-13, -2.73482e-13, -75.0606, 133.927, 133.927, 4.64695e-12, 4.63799e-12, -7.73625e-15
0.975, 0.975, 0.423401, -2.64621e-13, -2.64402e-13, -74.1075, 134.238, 134.238, 4.71802e-12, 4.70092e-12, -7.60543e-15
0.9825, 0.9825, 0.235935, -2.54863e-13, -2.54647e-13, -73.3013, 134.315, 134.315, 4.78681e-12, 4.78397e-12, -9.69093e-15
0.99, 0.99, 0.0680088, -2.44669e-13, -2.44314e-13, -72.6558, 134.167, 134.167, 4.84674e-12, 4.86531e-12, -9.76633e-15
0.9975, 0.9975, -0.0800924, -2.34215e-13, -2.3391e-13, -72.1812, 133.803, 133.803, 4.90084e-12, 4.88647e-12, -9.43058e-15
1.005, 1.005, -0.208355, -2.23563e-13, -2.2334e-13, -71.8843, 133.235, 133.235, 4.94679e-12, 4.9179e-12, -1.12115e-14
1.0125, 1.0125, -0.317021, -2.12682e-13, -2.12514e-13, -71.7685, 132.477, 132.477, 4.98429e-12, 4.97787e-12, -1.20541e-14
1.02, 1.02, -0.406567, -2.01893e-13, -2.01711e-13, -71.8341, 131.544, 131.544, 5.01925e-12, 5.01953e-12, -1.08e-14
1.0275, 1.0275, -0.477681, -1.91132e-13, -1.9089e-13, -72.0781, 130.453, 130.453, 5.05014e-12, 5.04793e-12, -1.25135e-14
1.035, 1.035, -0.531241, -1.80465e-13, -1.80048e-13, -72.495, 129.221, 129.221, 5.06092e-12, 5.03724e-12, -1.17103e-14
1.0425, 1.0425, -0.568285, -1.70043e-13, -1.6979e-13, -73.0766, 127.868, 127.868, 5.08168e-12, 5.04189e-12, -1.24184e-14
1.05, 1.05, -0.589985, -1.6015e-13, -1.59847e-13, -73.8125, 126.413, 126.413, 5.0827e-12, 5.05414e-12, -1.25394e-14
1.0575, 1.0575, -0.597619, -1.50667e-13, -1.50086e-13, -74.6905, 124.873, 124.873, 5.08695e-12, 5.09702e-12, -1.33816e-14
1.065, 1.065, -0.592541, -1.41483e-13, -1.4112e-13, -75.6969, 123.269, 123.269, 5.08247e-12, 5.07429e-12, -1.36289e-14
1.0725, 1.0725, -0.576157, -1.32999e-13, -1.32325e-13, -76.8167, 121.618, 121.618, 5.08069e-12, 5.06128e-12, -1.31138e-14
1.08, 1.08, -0.549897, -1.25046e-13, -1.24384e-13, -78.0342, 119.939, 119.939, 5.07194e-12, 5.05399e-12, -1.29679e-14
1.0875, 1.0875, -0.515192, -1.17797e-13, -1.17013e-13, -79.3332, 118.248, 118.248, 5.05199e-12, 5.05486e-12, -1.18577e-14
1.095, 1.095, -0.473449, -1.1117e-13, -1.10322e-13, -80.6974, 116.561, 116.561, 5.02437e-12, 5.03028e-12, -1.08524e-14
1.1025, 1.1025, -0.426034, -1.05257e-13, -1.0441e-13, -82.1106, 114.893, 114.893, 4.99409e-12, 4.98665e-12, -1.16096e-14
1.11, 1.11, -0.374252, -9.99804e-14, -9.91626e-14, -83.5569, 113.258, 113.258, 4.96221e-12, 4.93955e-12, -1.01677e-14
1.1175, 1.1175, -0.319335, -9.53846e-14, -9.43686e-14, -85.0215, 111.666, 111.666, 4.92895e-12, 4.91282e-12, -9.87657e-15
1.125, 1.125, -0.262426, -9.15427e-14, -9.07332e-14, -86.4899, 110.128, 110.128, 4.88706e-12, 4.89118e-12, -1.16634e-14
1.1325, 1.1325, -0.204572, -8.83093e-14, -8.76409e-14, -87.9492, 108.653, 108.653, 4.84261e-12, 4.84126e-12, -9.92208e-15
1.14, 1.14, -0.146717, -8.57775e-14, -8.51578e-14, -89.3873, 107.247, 107.247, 4.79892e-12, 4.78208e-12, -1.02611e-14
1.1475, 1.1475, -0.0896937, -8.38892e-14, -8.31844e-14, -90.7936, 105.917, 105.917, 4.74269e-12, 4.75028e-12, -9.21676e-15
1.155, 1.155, -0.0342284, -8.25393e-14, -8.18989e-14, -92.1589, 104.666, 104.666, 4.69393e-12, 4.68393e-12, -1.06603e-14
1.1625, 1.1625, 0.0190648, -8.16206e-14, -8.11799e-14, -93.4751, 103.496, 103.496, 4.63655e-12, 4.63413e-12, -8.57139e-15
1.17, 1.17, 0.0696797, -8.12845e-14, -8.0924e-14, -94.736, 102.409, 102.409, 4.56494e-12, 4.56545e-12, -7.13655e-15
1.1775, 1.1775, 0.117214, -8.13682e-14, -8.10943e-14, -95.9362, 101.405, 101.405, 4.51072e-12, 4.52156e-12, -8.22608e-15
1.185, 1.185, 0.161365, -8.18732e-14, -8.17461e-14, -97.0721, 100.482, 100.482, 4.43903e-12, 4.44153e-12, -7.63324e-15
1.1925, 1.1925, 0.201921, -8.27301e-14, -8.24627e-14, -98.1411, 99.6383, 99.6383, 4.37296e-12, 4.36206e-12, -7.21112e-15
1.2, 1.2, 0.238756, -8.37991e-14, -8.36523e-14, -99.1419, 98.871, 98.871, 4.30317e-12, 4.28775e-12, -5.14147e-15
1.2075, 1.2075, 0.271823, -8.49817e-14, -8.50154e-14, -100.074, 98.1761, 98.1761, 4.22312e-12, 4.20831e-12, -5.24303e-15
1.215, 1.215, 0.301139, -8.64318e-14, -8.64092e-14, -100.939, 97.5493, 97.5493, 4.15516e-12, 4.16732e-12, -4.33985e-15
1.2225, 1.2225, 0.326784, -8.79729e-14, -8.80281e-14, -101.737, 96.9857, 96.9857, 4.07249e-12, 4.07211e-12, -3.05099e-15
1.23, 1.23, 0.348885, -8.95975e-14, -8.96959e-14, -102.471, 96.4802, 96.4802, 4.00008e-12, 4.00363e-12, -3.78907e-15
1.2375, 1.2375, 0.367612, -9.12929e-14, -9.14622e-14, -103.145, 96.0274, 96.0274, 3.91856e-12, 3.92719e-12, -2.0976e-15
1.245, 1.245, 0.38317, -9.29398e-14, -9.30926e-14, -103.76, 95.6219, 95.6219, 3.84437e-12, 3.82197e-12, -9.90545e-16
1.2525, 1.2525, 0.395785, -9.45887e-14, -9.47133e-14, -104.322, 95.2582, 95.2582, 3.76344e-12, 3.74648e-12, -2.4951e-15
1.26, 1.26, 0.405702, -9.61239e-14, -9.63109e-14, -104.834, 94.9309, 94.9309, 3.67706e-12, 3.67329e-12, 2.9437e-16
1.2675, 1.2675, 0.413179, -9.74435e-14, -9.7618e-14, -105.3, 94.635, 94.635, 3.58455e-12, 3.58348e-12, 6.76711e-16
1.275, 1.275, 0.418474, -9.85786e-14, -9.88322e-14, -105.725, 94.3654, 94.3654, 3.5044e-12, 3.51777e-12, 2.99223e-15
1.2825, 1.2825, 0.421846, -9.95087e-14, -9.98463e-14, -106.112, 94.1175, 94.1175, 3.42367e-12, 3.42205e-12, 2.60453e-15
1.29, 1.29, 0.42355, -1.00268e-13, -1.00668e-13, -106.467, 93.887, 93.887, 3.34172e-12, 3.32139e-12, 4.05421e-15
1.2975, 1.2975, 0.423828, -1.0079e-13, -1.01025e-13, -106.793, 93.6701, 93.6701, 3.25559e-12, 3.23792e-12, 4.95611e-15
1.305, 1.305, 0.42291, -1.00957e-13, -1.01235e-13, -107.094, 93.4631, 93.4631, 3.1634e-12, 3.14634e-12, 4.13692e-15
1.3125, 1.3125, 0.421012, -1.00883e-13, -1.01136e-13, -107.373, 93.263, 93.263, 3.07631e-12, 3.06389e-12, 5.05671e-15
1.32, 1.32, 0.418331, -1.00522e-13, -1.0074e-13, -107.635, 93.0671, 93.0671, 2.99664e-12, 2.98446e-12, 4.11029e-15
1.3275, 1.3275, 0.415046, -9.98121e-14, -1.00088e-13, -107.881, 92.873, 92.873, 2.90879e-12, 2.90546e-12, 6.3472e-15
1.335, 1.335, 0.411316, -9.88122e-14, -9.88877e-14, -108.116, 92.6788, 92.6788, 2.8236e-12, 2.81563e-12, 5.47177e-15
1.3425, 1.3425, 0.407283, -9.7485e-14, -9.76235e-14, -108.341, 92.483, 92.483, 2.73361e-12, 2.72824e-12, 5.58681e-15
1.35, 1.35, 0.403066, -9.59074e-14, -9.59682e-14, -108.559, 92.2843, 92.2843, 2.65631e-12, 2.62617e-12, 6.60276e-15
1.3575, 1.3575, 0.398769, -9.39181e-14, -9.4035e-14, -108.771, 92.0819, 92.0819, 2.56966e-12, 2.57768e-12, 4.67852e-15
1.365, 1.365, 0.394477, -9.17692e-14, -9.18028e-14, -108.98, 91.8751, 91.8751, 2.48753e-12, 2.4714e-12, 5.53243e-15
1.3725, 1.3725, 0.390259, -8.94271e-14, -8.94054e-14, -109.186, 91.6636, 91.6636, 2.40713e-12, 2.42175e-12, 5.51596e-15
1.38, 1.38, 0.386167, -8.69416e-14, -8.68105e-14, -109.39, 91.4474, 91.4474, 2.33061e-12, 2.32973e-12, 4.6296e-15
1.3875, 1.3875, 0.382241, -8.41565e-14, -8.39288e-14, -109.595, 91.2264, 91.2264, 2.25767e-12, 2.23132e-12, 4.17095e-15
1.395, 1.395, 0.37851, -8.12559e-14, -8.09202e-14, -109.799, 91.001, 91.001, 2.16584e-12, 2.16386e-12, 3.36902e-15
1.4025, 1.4025, 0.37499, -7.81578e-14, -7.77796e-14, -110.004, 90.7714, 90.7714, 2.09311e-12, 2.08162e-12, 4.34103e-15
1.41, 1.41, 0.371689, -7.48382e-14, -7.44215e-14, -110.21, 90.5383, 90.5383, 2.01663e-12, 2.03051e-12, 3.33959e-15
1.4175, 1.4175, 0.368607, -7.15008e-14, -7.11077e-14, -110.417, 90.3021, 90.3021, 1.94943e-12, 1.93018e-12, 1.81645e-15
1.425, 1.425, 0.365739, -6.80981e-14, -6.7629e-14, -110.626, 90.0634, 90.0634, 1.86245e-12, 1.87029e-12, 2.458e-15
1.4325, 1.4325, 0.363073, -6.45157e-14, -6.41376e-14, -110.835, 89.8229, 89.8229, 1.79366e-12, 1.75799e-12, 3.27737e-16
1.44, 1.44, 0.360597, -6.10312e-14, -6.06703e-14, -111.045, 89.5813, 89.5813, 1.7159e-12, 1.72135e-12, -7.68666e-16
1.4475, 1.4475, 0.358293, -5.75462e-14, -5.71567e-14, -111.257, 89.3392, 89.3392, 1.64778e-12, 1.63808e-12, -6.68617e-16
1.455, 1.455, 0.356142, -5.4051e-14, -5.35434e-14, -111.468, 89.0971, 89.0971, 1.57437e-12, 1.57548e-12, -1.06304e-15
1.4625, 1.4625, 0.354126, -5.05706e-14, -5.00288e-14, -111.68, 88.8558, 88.8558, 1.50192e-12, 1.50443e-12, -3.20583e-15
1.47, 1.47, 0.352226, -4.70644e-14, -4.65319e-14, -111.893, 88.6156, 88.6156, 1.43029e-12, 1.42013e-12, -3.27909e-15
1.4775, 1.4775, 0.350423, -4.36834e-14, -4.29682e-14, -112.104, 88.3773, 88.3773, 1.36248e-12, 1.36029e-12, -2.72566e-15
1.485, 1.485, 0.348699, -4.03285e-14, -3.94852e-14, -112.316, 88.141, 88.141, 1.29568e-12, 1.28779e-12, -3.54964e-15
1.4925, 1.4925, 0.347039, -3.70484e-14, -3.62043e-14, -112.526, 87.9074, 87.9074, 1.22544e-12, 1.21747e-12, -6.1304e-15
1.5, 1.5, 0.345427, -3.3865e-14, -3.30095e-14, -112.735, 87.6766, 87.6766, 1.15823e-12, 1.12718e-12, -5.69522e-15
1.5075, 1.5075, 0.343851, -3.06883e-14, -2.99206e-14, -112.944, 87.449, 87.449, 1.08274e-12, 1.07779e-12, -6.20575e-15
1.515, 1.515, 0.3423, -2.77196e-14, -2.69169e-14, -113.15, 87.2247, 87.2247, 1.01374e-12, 1.0116e-12, -5.67088e-15
1.5225, 1.5225, 0.340765, -2.47653e-14, -2.40658e-14, -113.355, 87.0039, 87.0039, 9.50609e-13, 9.52781e-13, -6.59601e-15
1.53, 1.53, 0.339238, -2.19664e-14, -2.12572e-14, -113.558, 86.7867, 86.7867, 8.84853e-13, 8.74431e-13, -6.3403e-15
1.5375, 1.5375, 0.337713, -1.93222e-14, -1.8646e-14, -113.759, 86.5732, 86.5732, 8.23341e-13, 8.03172e-13, -6.95509e-15
1.545, 1.545, 0.336187, -1.6837e-14, -1.61473e-14, -113.958, 86.3634, 86.3634, 7.48108e-13, 7.43628e-13, -5.25021e-15
1.5525, 1.5525, 0.334656, -1.44907e-14, -1.3919e-14, -114.154, 86.1572, 86.1572, 6.88119e-13, 6.74784e-13, -5.8786e-15
1.56, 1.56, 0.333119, -1.22944e-14, -1.18247e-14, -114.348, 85.9546, 85.9546, 6.19864e-13, 6.06694e-13, -5.30163e-15
1.5675, 1.5675, 0.331576, -1.02151e-14, -9.80084e-15, -114.54, 85.7555, 85.7555, 5.47005e-13, 5.2619e-13, -4.3025e-15
1.575, 1.575, 0.330026, -8.34341e-15, -8.02027e-15, -114.73, 85.5599, 85.5599, 4.83498e-13, 4.91088e-13, -4.02649e-15
1.5825, 1.5825, 0.328471, -6.54921e-15, -6.39754e-15, -114.917, 85.3675, 85.3675, 4.17774e-13, 4.0363e-13, -3.913e-15
1.59, 1.59, 0.326913, -4.95696e-15, -4.90133e-15, -115.103, 85.1782, 85.1782, 3.54233e-13, 3.39205e-13, -5.73582e-15
1.5975, 1.5975, 0.325352, -3.50097e-15, -3.57501e-15, -115.285, 84.992, 84.992, 2.8091e-13, 2.73682e-13, -3.88989e-15
1.605, 1.605, 0.323793, -2.239e-15, -2.38837e-15, -115.466, 84.8085, 84.8085, 2.15419e-13, 2.10244e-13, -2.69472e-15
1.6125, 1.6125, 0.322236, -1.04004e-15, -1.29154e-15, -115.644, 84.6278, 84.6278, 1.44867e-13, 1.37638e-13, -1.82662e-15
1.62, 1.62, 0.320685, 2.32719e-17, -2.79469e-16, -115.82, 84.4496, 84.4496, 8.8756e-14, 7.68448e-14, 3.61249e-17
1.6275, 1.6275, 0.319141, 8.64505e-16, 5.40582e-16, -115.994, 84.2738, 84.2738, 1.97308e-14, 9.92151e-15, 5.81947e-16
1.635, 1.635, 0.317607, 1.56778e-15, 1.19562e-15, -116.166, 84.1001, 84.1001, -4.67418e-14, -6.45883e-14, 2.08131e-15
1.6425, 1.6425, 0.316084, 2.22759e-15, 1.81846e-15, -116.336, 83.9286, 83.9286, -1.04859e-13, -1.28797e-13, 1.67713e-15
1.65, 1.65, 0.314574, 2.70828e-15, 2.34085e-15, -116.504, 83.759, 83.759, -1.77291e-13, -1.83991e-13, 5.93953e-16
1.6575, 1.6575, 0.313079, 3.15104e-15, 2.70491e-15, -116.67, 83.5913, 83.5913, -2.37581e-13, -2.51054e-13, 2.10585e-15
1.665, 1.665, 0.311599, 3.50427e-15, 2.96825e-15, -116.835, 83.4253, 83.4253, -3.10922e-13, -3.15298e-13, 1.53667e-15
1.6725, 1.6725, 0.310135, 3.67319e-15, 3.11552e-15, -116.997, 83.2609, 83.2609, -3.76701e-13, -3.81219e-13, 3.482e-15
1.68, 1.68, 0.308688, 3.80804e-15, 3.1153e-15, -117.158, 83.098, 83.098, -4.34166e-13, -4.59202e-13, 1.8303e-15
1.6875, 1.6875, 0.307259, 3.9254e-15, 3.12366e-15, -117.317, 82.9366, 82.9366, -4.98697e-13, -5.10403e-13, 1.92405e-15
1.695, 1.695, 0.305846, 3.84701e-15, 3.05755e-15, -117.474, 82.7766, 82.7766, -5.58578e-13, -5.6308e-13, 6.57825e-16
1.7025, 1.7025, 0.304449, 3.79588e-15, 2.97114e-15, -117.63, 82.6178, 82.6178, -6.28228e-13, -6.26095e-13, 6.30731e-16
1.71, 1.71, 0.303069, 3.62427e-15, 2.77926e-15, -117.785, 82.4603, 82.4603, -6.86504e-13, -7.1102e-13, -8.256e-16
1.7175, 1.7175, 0.301705, 3.48945e-15, 2.59444e-15, -117.937, 82.3041, 82.3041, -7.51987e-13, -7.70787e-13, 1.19757e-15
1.725, 1.725, 0.300355, 3.29945e-15, 2.32043e-15, -118.089, 82.149, 82.149, -8.11861e-13, -8.30286e-13, -6.6902e-16
1.7325, 1.7325, 0.29902, 3.0727e-15, 2.05368e-15, -118.238, 81.995, 81.995, -8.76157e-13, -8.86159e-13, -1.31909e-15
1.74, 1.74, 0.297698, 2.82648e-15, 1.71744e-15, -118.387, 81.8422, 81.8422, -9.38416e-13, -9.57408e-13, -3.43212e-15
1.7475, 1.7475, 0.296388, 2.51285e-15, 1.38059e-15, -118.534, 81.6904, 81.6904, -1.00116e-12, -1.01023e-12, -2.86849e-15
1.755, 1.755, 0.295089, 2.19109e-15, 1.10865e-15, -118.679, 81.5398, 81.5398, -1.06139e-12, -1.08389e-12, -4.32158e-15
1.7625, 1.7625, 0.293801, 1.98791e-15, 8.25978e-16, -118.823, 81.3902, 81.3902, -1.11974e-12, -1.12883e-12, -3.31898e-15
1.77, 1.77, 0.292522, 1.68398e-15, 5.86978e-16, -118.966, 81.2416, 81.2416, -1.18724e-12, -1.184e-12, -3.15161e-15
1.7775, 1.7775, 0.291252, 1.35121e-15, 2.4075e-16, -119.107, 81.0941, 81.0941, -1.23804e-12, -1.25336e-12, -4.10704e-15
1.785, 1.785, 0.28999, 1.16748e-15, 2.66762e-17, -119.247, 80.9476, 80.9476, -1.31013e-12, -1.31082e-12, -4.34635e-15
1.7925, 1.7925, 0.288735, 9.76037e-16, -1.68967e-16, -119.386, 80.8021, 80.8021, -1.36466e-12, -1.37417e-12, -6.67398e-15
1.8, 1.8, 0.287487, 8.05381e-16, -3.03714e-16, -119.523, 80.6577, 80.6577, -1.41834e-12, -1.42852e-12, -7.37694e-15
1.8075, 1.8075, 0.286244, 6.94119e-16, -3.94587e-16, -119.659, 80.5142, 80.5142, -1.48498e-12, -1.48979e-12, -7.86962e-15
1.815, 1.815, 0.285007, 6.03497e-16, -4.3358e-16, -119.794, 80.3718, 80.3718, -1.55281e-12, -1.55908e-12, -8.29644e-15
1.8225, 1.8225, 0.283776, 6.08296e-16, -4.13947e-16, -119.928, 80.2304, 80.2304, -1.60955e-12, -1.62324e-12, -1.04322e-14
1.83, 1.83, 0.282549, 5.73779e-16, -3.45284e-16, -120.06, 80.09, 80.09, -1.66842e-12, -1.66648e-12, -1.0507e-14
1.8375, 1.8375, 0.281327, 6.64192e-16, -1.64219e-16, -120.191, 79.9506, 79.9506, -1.72861e-12, -1.72922e-12, -1.06082e-14
1.845, 1.845, 0.28011, 8.31037e-16, 3.54281e-17, -120.321, 79.8122, 79.8122, -1.78587e-12, -1.78662e-12, -1.08426e-14
1.8525, 1.8525, 0.278898, 9.25227e-16, 2.50879e-16, -120.45, 79.6748, 79.6748, -1.84691e-12, -1.84468e-12, -1.20138e-14
1.86, 1.86, 0.277691, 1.06201e-15, 4.4763e-16, -120.578, 79.5383, 79.5383, -1.90543e-12, -1.91226e-12, -1.30627e-14
1.8675, 1.8675, 0.276488, 1.26442e-15, 6.93858e-16, -120.704, 79.4028, 79.4028, -1.96768e-12, -1.97423e-12, -1.25161e-14
1.875, 1.875, 0.275291, 1.46468e-15, 9.50353e-16, -120.829, 79.2683, 79.2683, -2.02591e-12, -2.03262e-12, -1.40652e-14
1.8825, 1.8825, 0.274099, 1.70009e-15, 1.26611e-15, -120.953, 79.1347, 79.1347, -2.08427e-12, -2.09438e-12, -1.33134e-14
1.89, 1.89, 0.272913, 2.04643e-15, 1.56981e-15, -121.077, 79.0021, 79.0021, -2.13754e-12, -2.15298e-12, -1.33881e-14
1.8975, 1.8975, 0.271733, 2.43682e-15, 2.02984e-15, -121.199, 78.8704, 78.8704, -2.20127e-12, -2.19834e-12, -1.39019e-14
1.905, 1.905, 0.27056, 2.86325e-15, 2.52295e-15, -121.32, 78.7397, 78.7397, -2.26125e-12, -2.27241e-12, -1.36525e-14
1.9125, 1.9125, 0.269393, 3.3229e-15, 3.11507e-15, -121.439, 78.6099, 78.6099, -2.32182e-12, -2.33383e-12, -1.33143e-14
1.92, 1.92, 0.268234, 3.84503e-15, 3.66631e-15, -121.558, 78.481, 78.481, -2.37852e-12, -2.38015e-12, -1.22877e-14
1.9275, 1.9275, 0.267082, 4.37557e-15, 4.29761e-15, -121.676, 78.3531, 78.3531, -2.44234e-12, -2.44516e-12, -1.16681e-14
1.935, 1.935, 0.265938, 4.9657e-15, 4.94385e-15, -121.793, 78.226, 78.226, -2.50051e-12, -2.5077e-12, -1.06315e-14
1.9425, 1.9425, 0.264803, 5.60797e-15, 5.61489e-15, -121.909, 78.0999, 78.0999, -2.55614e-12, -2.56839e-12, -9.05577e-15
1.95, 1.95, 0.263676, 6.23714e-15, 6.24892e-15, -122.024, 77.9747, 77.9747, -2.61475e-12, -2.62272e-12, -8.16348e-15
1.9575, 1.9575, 0.262559, 6.89738e-15, 6.96321e-15, -122.139, 77.8503, 77.8503, -2.67704e-12, -2.69319e-12, -9.16224e-15
1.965, 1.965, 0.261451, 7.58288e-15, 7.69698e-15, -122.252, 77.7269, 77.7269, -2.72854e-12, -2.73514e-12, -7.21251e-15
1.9725, 1.9725, 0.260353, 8.2659e-15, 8.43666e-15, -122.364, 77.6044, 77.6044, -2.78778e-12, -2.79026e-12, -6.606e-15
1.98, 1.98, 0.259265, 8.99918e-15, 9.17461e-15, -122.476, 77.4827, 77.4827, -2.84142e-12, -2.85561e-12, -5.29345e-15
1.9875, 1.9875, 0.258187, 9.83919e-15, 9.95927e-15, -122.586, 77.362, 77.362, -2.89877e-12, -2.91488e-12, -3.65584e-15
1.995, 1.995, 0.25712, 1.06365e-14, 1.0712e-14, -122.696, 77.2421, 77.2421, -2.95571e-12, -2.97314e-12, -3.7675e-15
2.0025, 2.0025, 0.256064, 1.13754e-14, 1.14527e-14, -122.805, 77.1231, 77.1231, -3.01619e-12, -3.02729e-12, -3.13364e-15
2.01, 2.01, 0.255018, 1.21487e-14, 1.21325e-14, -122.913, 77.005, 77.005, -3.06522e-12, -3.0874e-12, -3.12064e-15
2.0175, 2.0175, 0.253984, 1.29962e-14, 1.28231e-14, -123.02, 76.8878, 76.8878, -3.12861e-12, -3.13742e-12, -1.65932e-15
2.025, 2.025, 0.25296, 1.37179e-14, 1.35485e-14, -123.126, 76.7714, 76.7714, -3.1892e-12, -3.18404e-12, -1.75145e-15
2.0325, 2.0325, 0.251947, 1.44333e-14, 1.42083e-14, -123.232, 76.6559, 76.6559, -3.2491e-12, -3.25871e-12, -3.63483e-16
2.04, 2.04, 0.250945, 1.50598e-14, 1.49426e-14, -123.337, 76.5413, 76.5413, -3.30243e-12, -3.29864e-12, -7.54259e-16
2.0475, 2.0475, 0.249954, 1.56667e-14, 1.55667e-14, -123.441, 76.4275, 76.4275, -3.35549e-12, -3.34975e-12, -1.06934e-16
2.055, 2.055, 0.248974, 1.63055e-14, 1.61561e-14, -123.544, 76.3146, 76.3146, -3.41122e-12, -3.42997e-12, -1.00731e-15
2.0625, 2.0625, 0.248004, 1.69769e-14, 1.67407e-14, -123.646, 76.2026, 76.2026, -3.46697e-12, -3.47583e-12, -1.45441e-15
2.07, 2.07, 0.247045, 1.75707e-14, 1.73622e-14, -123.747, 76.0914, 76.0914, -3.51491e-12, -3.51712e-12, 3.21881e-16
2.0775, 2.0775, 0.246095, 1.8118e-14, 1.79424e-14, -123.848, 75.981, 75.981, -3.56856e-12, -3.57299e-12, -7.36386e-16
2.085, 2.085, 0.245156, 1.86496e-14, 1.85125e-14, -123.948, 75.8714, 75.8714, -3.62333e-12, -3.62299e-12, -1.1308e-15
2.0925, 2.0925, 0.244226, 1.91859e-14, 1.90603e-14, -124.047, 75.7627, 75.7627, -3.67192e-12, -3.68134e-12, -4.58499e-16
2.1, 2.1, 0.243305, 1.97607e-14, 1.96624e-14, -124.145, 75.6548, 75.6548, -3.72981e-12, -3.72722e-12, -2.06422e-15
2.1075, 2.1075, 0.242393, 2.02938e-14, 2.01667e-14, -124.242, 75.5477, 75.5477, -3.78151e-12, -3.79241e-12, -2.16995e-15
2.115, 2.115, 0.24149, 2.07967e-14, 2.05864e-14, -124.339, 75.4413, 75.4413, -3.82797e-12, -3.84236e-12, -1.60858e-15
2.1225, 2.1225, 0.240594, 2.12597e-14, 2.11013e-14, -124.435, 75.3358, 75.3358, -3.88428e-12, -3.89357e-12, -2.78314e-15
2.13, 2.13, 0.239707, 2.17518e-14, 2.15672e-14, -124.53, 75.231, 75.231, -3.93268e-12, -3.93998e-12, -3.08347e-15
2.1375, 2.1375, 0.238827, 2.22126e-14, 2.201e-14, -124.624, 75.127, 75.127, -3.98051e-12, -3.9888e-12, -4.40144e-15
2.145, 2.145, 0.237954, 2.2677e-14, 2.24922e-14, -124.718, 75.0237, 75.0237, -4.03356e-12, -4.04166e-12, -5.61971e-15
2.1525, 2.1525, 0.237088, 2.30659e-14, 2.28814e-14, -124.81, 74.9211, 74.9211, -4.07991e-12, -4.08335e-12, -5.61413e-15
2.16, 2.16, 0.236229, 2.34388e-14, 2.33264e-14, -124.902, 74.8193, 74.8193, -4.12632e-12, -4.14431e-12, -5.32168e-15
2.1675, 2.1675, 0.235375, 2.37706e-14, 2.37169e-14, -124.993, 74.7182, 74.7182, -4.18401e-12, -4.203e-12, -6.41661e-15
2.175, 2.175, 0.234527, 2.41797e-14, 2.41169e-14, -125.084, 74.6177, 74.6177, -4.23479e-12, -4.24683e-12, -6.74083e-15
2.1825, 2.1825, 0.233684, 2.45933e-14, 2.45203e-14, -125.173, 74.518, 74.518, -4.28615e-12, -4.2906e-12, -7.68584e-15
2.19, 2.19, 0.232847, 2.49229e-14, 2.49308e-14, -125.262, 74.4189, 74.4189, -4.3326e-12, -4.35564e-12, -9.09872e-15
2.1975, 2.1975, 0.232014, 2.53252e-14, 2.53294e-14, -125.35, 74.3204, 74.3204, -4.38165e-12, -4.39367e-12, -9.08675e-15
2.205, 2.205, 0.231186, 2.57441e-14, 2.57047e-14, -125.438, 74.2226, 74.2226, -4.43223e-12, -4.44134e-12, -1.00726e-14
2.2125, 2.2125, 0.230362, 2.6076e-14, 2.61086e-14, -125.524, 74.1255, 74.1255, -4.48098e-12, -4.49701e-12, -1.06299e-14
2.22, 2.22, 0.229542, 2.63542e-14, 2.64739e-14, -125.61, 74.0289, 74.0289, -4.53422e-12, -4.54573e-12, -1.17782e-14
2.2275, 2.2275, 0.228727, 2.67369e-14, 2.68374e-14, -125.695, 73.933, 73.933, -4.5719e-12, -4.58724e-12, -1.23878e-14
2.235, 2.235, 0.227915, 2.71317e-14, 2.71856e-14, -125.78, 73.8377, 73.8377, -4.62618e-12, -4.63747e-12, -1.38546e-14
2.2425, 2.2425, 0.227107, 2.7431e-14, 2.75332e-14, -125.864, 73.7429, 73.7429, -4.67408e-12, -4.68829e-12, -1.50699e-14
2.25, 2.25, 0.226303, 2.77638e-14, 2.78664e-14, -125.947, 73.6488, 73.6488, -4.71488e-12, -4.74199e-12, -1.64661e-14
2.2575, 2.2575, 0.225502, 2.81172e-14, 2.81931e-14, -126.029, 73.5552, 73.5552, -4.76617e-12, -4.77619e-12, -1.85179e-14
2.265, 2.265, 0.224705, 2.84856e-14, 2.84797e-14, -126.111, 73.4622, 73.4622, -4.8166e-12, -4.82422e-12, -1.87208e-14
2.2725, 2.2725, 0.223912, 2.87662e-14, 2.8774e-14, -126.192, 73.3698, 73.3698, -4.86124e-12, -4.86665e-12, -1.88385e-14
2.28, 2.28, 0.223122, 2.90672e-14, 2.90828e-14, -126.273, 73.2779, 73.2779, -4.91072e-12, -4.92298e-12, -2.00987e-14
2.2875, 2.2875, 0.222335, 2.93767e-14, 2.93046e-14, -126.352, 73.1866, 73.1866, -4.95968e-12, -4.977e-12, -2.04217e-14
2.295, 2.295, 0.221553, 2.9685e-14, 2.95425e-14, -126.432, 73.0958, 73.0958, -5.00496e-12, -5.01799e-12, -1.96495e-14
2.3025, 2.3025, 0.220774, 2.99461e-14, 2.9826e-14, -126.51, 73.0056, 73.0056, -5.0521e-12, -5.07137e-12, -2.01431e-14
2.31, 2.31, 0.219999, 3.02389e-14, 3.01543e-14, -126.588, 72.9159, 72.9159, -5.09832e-12, -5.10144e-12, -1.83976e-14
2.3175, 2.3175, 0.219227, 3.05506e-14, 3.04506e-14, -126.666, 72.8268, 72.8268, -5.14648e-12, -5.15501e-12, -1.94388e-14
2.325, 2.325, 0.21846, 3.08474e-14, 3.07387e-14, -126.743, 72.7382, 72.7382, -5.19756e-12, -5.19696e-12, -2.0375e-14
2.3325, 2.3325, 0.217696, 3.10716e-14, 3.1071e-14, -126.819, 72.6502, 72.6502, -5.23656e-12, -5.24292e-12, -1.9688e-14
2.34, 2.34, 0.216937, 3.13376e-14, 3.12899e-14, -126.894, 72.5627, 72.5627, -5.28444e-12, -5.29854e-12, -2.01154e-14
2.3475, 2.3475, 0.216182, 3.1571e-14, 3.14614e-14, -126.969, 72.4757, 72.4757, -5.33034e-12, -5.34961e-12, -2.11512e-14
2.355, 2.355, 0.215431, 3.18017e-14, 3.16857e-14, -127.044, 72.3893, 72.3893, -5.38136e-12, -5.38442e-12, -2.20354e-14
2.3625, 2.3625, 0.214684, 3.20902e-14, 3.19762e-14, -127.118, 72.3034, 72.3034, -5.42429e-12, -5.43612e-12, -2.09473e-14
2.37, 2.37, 0.213942, 3.23065e-14, 3.22353e-14, -127.191, 72.218, 72.218, -5.4669e-12, -5.47997e-12, -1.95648e-14
2.3775, 2.3775, 0.213204, 3.25292e-14, 3.24699e-14, -127.264, 72.1332, 72.1332, -5.51907e-12, -5.51792e-12, -2.00253e-14
2.385, 2.385, 0.212471, 3.28005e-14, 3.2758e-14, -127.337, 72.0489, 72.0489, -5.56118e-12, -5.57201e-12, -1.9558e-14
2.3925, 2.3925, 0.211743, 3.29969e-14, 3.29835e-14, -127.409, 71.9652, 71.9652, -5.60629e-12, -5.60982e-12, -1.90998e-14
2.4, 2.4, 0.211019, 3.3116e-14, 3.31631e-14, -127.48, 71.8819, 71.8819, -5.65433e-12, -5.66188e-12, -1.84764e-14
2.4075, 2.4075, 0.2103, 3.328e-14, 3.33409e-14, -127.551, 71.7992, 71.7992, -5.70134e-12, -5.70213e-12, -1.78583e-14
2.415, 2.415, 0.209585, 3.3432e-14, 3.33905e-14, -127.621, 71.717, 71.717, -5.7468e-12, -5.74361e-12, -1.90351e-14
2.4225, 2.4225, 0.208876, 3.35693e-14, 3.34794e-14, -127.691, 71.6354, 71.6354, -5.78969e-12, -5.78703e-12, -1.88167e-14
2.43, 2.43, 0.208171, 3.36948e-14, 3.3637e-14, -127.76, 71.5542, 71.5542, -5.83848e-12, -5.85654e-12, -1.82145e-14
2.4375, 2.4375, 0.207471, 3.38119e-14, 3.37987e-14, -127.829, 71.4736, 71.4736, -5.88559e-12, -5.90135e-12, -1.9113e-14
2.445, 2.445, 0.206775, 3.3901e-14, 3.38983e-14, -127.897, 71.3935, 71.3935, -5.92244e-12, -5.92656e-12, -1.8444e-14
2.4525, 2.4525, 0.206085, 3.40958e-14, 3.40139e-14, -127.965, 71.3139, 71.3139, -5.9747e-12, -5.98585e-12, -1.82876e-14
2.46, 2.46, 0.205399, 3.42404e-14, 3.42121e-14, -128.032, 71.2347, 71.2347, -6.01382e-12, -6.01789e-12, -1.86294e-14
2.4675, 2.4675, 0.204718, 3.44092e-14, 3.43756e-14, -128.099, 71.1561, 71.1561, -6.05065e-12, -6.07052e-12, -1.73628e-14
2.475, 2.475, 0.204041, 3.43849e-14, 3.45327e-14, -128.166, 71.078, 71.078, -6.0969e-12, -6.10336e-12, -1.66378e-14
2.4825, 2.4825, 0.203369, 3.43535e-14, 3.45451e-14, -128.231, 71.0004, 71.0004, -6.13786e-12, -6.14145e-12, -1.59611e-14
2.49, 2.49, 0.202702, 3.44214e-14, 3.46703e-14, -128.297, 70.9232, 70.9232, -6.18431e-12, -6.19131e-12, -1.82673e-14
2.4975, 2.4975, 0.202039, 3.44951e-14, 3.4799e-14, -128.362, 70.8465, 70.8465, -6.22252e-12, -6.23977e-12, -1.93476e-14
2.505, 2.505, 0.20138, 3.44833e-14, 3.48171e-14, -128.426, 70.7703, 70.7703, -6.26559e-12, -6.26768e-12, -1.96874e-14
2.5125, 2.5125, 0.200726, 3.44188e-14, 3.49452e-14, -128.49, 70.6945, 70.6945, -6.30464e-12, -6.30153e-12, -1.97716e-14
2.52, 2.52, 0.200076, 3.44961e-14, 3.50822e-14, -128.554, 70.6192, 70.6192, -6.34495e-12, -6.3531e-12, -1.73747e-14
2.5275, 2.5275, 0.19943, 3.46066e-14, 3.52989e-14, -128.617, 70.5444, 70.5444, -6.39683e-12, -6.39654e-12, -1.70661e-14
2.535, 2.535, 0.198789, 3.47795e-14, 3.54525e-14, -128.68, 70.47, 70.47, -6.43614e-12, -6.45766e-12, -1.62123e-14
2.5425, 2.5425, 0.198151, 3.48945e-14, 3.57111e-14, -128.742, 70.396, 70.396, -6.47744e-12, -6.48807e-12, -1.71968e-14
2.55, 2.55, 0.197518, 3.50849e-14, 3.59458e-14, -128.803, 70.3225, 70.3225, -6.51368e-12, -6.53952e-12, -1.63199e-14
2.5575, 2.5575, 0.196888, 3.53509e-14, 3.62217e-14, -128.865, 70.2494, 70.2494, -6.55614e-12, -6.55878e-12, -1.48502e-14
2.565, 2.565, 0.196263, 3.5611e-14, 3.64497e-14, -128.925, 70.1767, 70.1767, -6.5963e-12, -6.62545e-12, -1.54231e-14
2.5725, 2.5725, 0.195641, 3.58267e-14, 3.67009e-14, -128.986, 70.1044, 70.1044, -6.63291e-12, -6.64577e-12, -1.56833e-14
2.58, 2.58, 0.195023, 3.60194e-14, 3.68545e-14, -129.046, 70.0325, 70.0325, -6.67308e-12, -6.68134e-12, -1.32931e-14
2.5875, 2.5875, 0.194408, 3.62417e-14, 3.70984e-14, -129.105, 69.961, 69.961, -6.71477e-12, -6.73073e-12, -1.46166e-14
2.595, 2.595, 0.193798, 3.64598e-14, 3.73388e-14, -129.164, 69.89, 69.89, -6.75426e-12, -6.76702e-12, -1.4009e-14
2.6025, 2.6025, 0.193191, 3.66759e-14, 3.75481e-14, -129.223, 69.8193, 69.8193, -6.79498e-12, -6.81162e-12, -1.42866e-14
2.61, 2.61, 0.192587, 3.6868e-14, 3.77404e-14, -129.281, 69.749, 69.749, -6.83553e-12, -6.84916e-12, -1.51179e-14
2.6175, 2.6175, 0.191988, 3.70863e-14, 3.79154e-14, -129.339, 69.6791, 69.6791, -6.87584e-12, -6.887e-12, -1.4361e-14
2.625, 2.625, 0.191391, 3.73488e-14, 3.81672e-14, -129.396, 69.6096, 69.6096, -6.91767e-12, -6.92849e-12, -1.72394e-14
2.6325, 2.6325, 0.190799, 3.76225e-14, 3.83872e-14, -129.453, 69.5405, 69.5405, -6.95268e-12, -6.9653e-12, -1.66896e-14
2.64, 2.64, 0.19021, 3.78973e-14, 3.86154e-14, -129.509, 69.4717, 69.4717, -6.98584e-12, -7.00822e-12, -1.79333e-14
2.6475, 2.6475, 0.189624, 3.81785e-14, 3.88491e-14, -129.565, 69.4033, 69.4033, -7.0289e-12, -7.046e-12, -1.59574e-14
2.655, 2.655, 0.189041, 3.83853e-14, 3.90322e-14, -129.621, 69.3353, 69.3353, -7.07158e-12, -7.08062e-12, -1.8256e-14
2.6625, 2.6625, 0.188462, 3.87269e-14, 3.92748e-14, -129.676, 69.2677, 69.2677, -7.10508e-12, -7.11509e-12, -1.79668e-14
2.67, 2.67, 0.187887, 3.89868e-14, 3.94088e-14, -129.731, 69.2004, 69.2004, -7.14736e-12, -7.15221e-12, -1.83115e-14
2.6775, 2.6775, 0.187314, 3.92018e-14, 3.94912e-14, -129.785, 69.1335, 69.1335, -7.18582e-12, -7.19362e-12, -2.00097e-14
2.685, 2.685, 0.186745, 3.94349e-14, 3.96099e-14, -129.839, 69.0669, 69.0669, -7.22135e-12, -7.22426e-12, -1.96564e-14
2.6925, 2.6925, 0.186179, 3.96784e-14, 3.97487e-14, -129.893, 69.0008, 69.0008, -7.25788e-12, -7.27657e-12, -2.01948e-14
2.7, 2.7, 0.185617, 3.98752e-14, 3.97897e-14, -129.946, 68.9349, 68.9349, -7.29753e-12, -7.31413e-12, -1.96445e-14
2.7075, 2.7075, 0.185057, 4.00407e-14, 3.99006e-14, -129.999, 68.8695, 68.8695, -7.33979e-12, -7.35661e-12, -1.96006e-14
2.715, 2.715, 0.1845, 4.02614e-14, 3.99299e-14, -130.052, 68.8044, 68.8044, -7.36856e-12, -7.37939e-12, -2.1165e-14
2.7225, 2.7225, 0.183946, 4.04195e-14, 4.00953e-14, -130.104, 68.7397, 68.7397, -7.41566e-12, -7.43231e-12, -2.04903e-14
2.73, 2.73, 0.183396, 4.05433e-14, 4.01143e-14, -130.156, 68.6753, 68.6753, -7.44778e-12, -7.47726e-12, -2.05896e-14
2.7375, 2.7375, 0.182848, 4.06816e-14, 4.02282e-14, -130.208, 68.6113, 68.6113, -7.49058e-12, -7.50535e-12, -1.94765e-14
2.745, 2.745, 0.182302, 4.08093e-14, 4.03292e-14, -130.259, 68.5476, 68.5476, -7.52955e-12, -7.53529e-12, -1.90636e-14
2.7525, 2.7525, 0.18176, 4.09727e-14, 4.05033e-14, -130.31, 68.4843, 68.4843, -7.55972e-12, -7.58849e-12, -1.87538e-14
2.76, 2.76, 0.18122, 4.10913e-14, 4.06745e-14, -130.36, 68.4214, 68.4214, -7.59899e-12, -7.62121e-12, -1.9136e-14
2.7675, 2.7675, 0.180682, 4.12594e-14, 4.07752e-14, -130.41, 68.3588, 68.3588, -7.64059e-12, -7.63975e-12, -1.86422e-14
2.775, 2.775, 0.180147, 4.13262e-14, 4.08248e-14, -130.46, 68.2966, 68.2966, -7.67814e-12, -7.68935e-12, -1.9764e-14
2.7825, 2.7825, 0.179614, 4.144e-14, 4.09141e-14, -130.51, 68.2347, 68.2347, -7.71558e-12, -7.72167e-12, -1.88893e-14
2.79, 2.79, 0.179084, 4.15284e-14, 4.102e-14, -130.559, 68.1732, 68.1732, -7.75584e-12, -7.7545e-12, -1.86945e-14
2.7975, 2.7975, 0.178556, 4.16178e-14, 4.10401e-14, -130.608, 68.1121, 68.1121, -7.78824e-12, -7.80134e-12, -1.66551e-14
2.805, 2.805, 0.17803, 4.17586e-14, 4.11481e-14, -130.656, 68.0513, 68.0513, -7.82301e-12, -7.83485e-12, -1.58184e-14
2.8125, 2.8125, 0.177507, 4.19693e-14, 4.12309e-14, -130.704, 67.9908, 67.9908, -7.86121e-12, -7.87344e-12, -1.76471e-14
2.82, 2.82, 0.176986, 4.20556e-14, 4.13391e-14, -130.752, 67.9307, 67.9307, -7.90278e-12, -7.9137e-12, -1.68853e-14
2.8275, 2.8275, 0.176467, 4.23289e-14, 4.14519e-14, -130.8, 67.8709, 67.8709, -7.94192e-12, -7.94907e-12, -1.61693e-14
2.835, 2.835, 0.175951, 4.24495e-14, 4.15555e-14, -130.847, 67.8114, 67.8114, -7.97249e-12, -7.99314e-12, -1.74756e-14
2.8425, 2.8425, 0.175437, 4.24914e-14, 4.16395e-14, -130.894, 67.7523, 67.7523, -8.00567e-12, -8.01785e-12, -1.65129e-14
2.85, 2.85, 0.174925, 4.26078e-14, 4.17813e-14, -130.94, 67.6935, 67.6935, -8.0447e-12, -8.04867e-12, -1.73495e-14
2.8575, 2.8575, 0.174416, 4.27008e-14, 4.19398e-14, -130.986, 67.6351, 67.6351, -8.08131e-12, -8.09462e-12, -1.8497e-14
2.865, 2.865, 0.17391, 4.27698e-14, 4.20597e-14, -131.032, 67.5769, 67.5769, -8.11808e-12, -8.12815e-12, -1.6206e-14
2.8725, 2.8725, 0.173406, 4.2826e-14, 4.22416e-14, -131.078, 67.5191, 67.5191, -8.15295e-12, -8.14424e-12, -1.784e-14
2.88, 2.88, 0.172906, 4.28567e-14, 4.24458e-14, -131.123, 67.4616, 67.4616, -8.18338e-12, -8.19207e-12, -1.75527e-14
2.8875, 2.8875, 0.172408, 4.28685e-14, 4.25219e-14, -131.168, 67.4044, 67.4044, -8.22229e-12, -8.22471e-12, -1.8463e-14
2.895, 2.895, 0.171913, 4.28747e-14, 4.26704e-14, -131.213, 67.3475, 67.3475, -8.25805e-12, -8.27252e-12, -1.78595e-14
2.9025, 2.9025, 0.171421, 4.29179e-14, 4.2905e-14, -131.257, 67.2909, 67.2909, -8.29214e-12, -8.28967e-12, -1.81573e-14
2.91, 2.91, 0.170933, 4.29906e-14, 4.30133e-14, -131.302, 67.2345, 67.2345, -8.31704e-12, -8.33128e-12, -1.84891e-14
2.9175, 2.9175, 0.170448, 4.29441e-14, 4.30997e-14, -131.345, 67.1785, 67.1785, -8.34788e-12, -8.36376e-12, -1.82374e-14
2.925, 2.925, 0.169966, 4.29484e-14, 4.31834e-14, -131.389, 67.1228, 67.1228, -8.39234e-12, -8.39449e-12, -1.8281e-14
2.9325, 2.9325, 0.169489, 4.29447e-14, 4.3352e-14, -131.432, 67.0673, 67.0673, -8.42151e-12, -8.43983e-12, -1.92949e-14
2.94, 2.94, 0.169014, 4.30092e-14, 4.34705e-14, -131.475, 67.0121, 67.0121, -8.4555e-12, -8.46631e-12, -1.81282e-14
2.9475, 2.9475, 0.168544, 4.3173e-14, 4.3617e-14, -131.518, 66.9572, 66.9572, -8.49086e-12, -8.49985e-12, -1.98472e-14
2.955, 2.955, 0.168077, 4.32442e-14, 4.37627e-14, -131.56, 66.9025, 66.9025, -8.52089e-12, -8.52678e-12, -1.79783e-14
2.9625, 2.9625, 0.167614, 4.33666e-14, 4.37937e-14, -131.602, 66.8481, 66.8481, -8.56566e-12, -8.57058e-12, -2.02078e-14
2.97, 2.97, 0.167154, 4.35382e-14, 4.38582e-14, -131.644, 66.794, 66.794, -8.58809e-12, -8.5994e-12, -2.0516e-14
2.9775, 2.9775, 0.166698, 4.37291e-14, 4.39292e-14, -131.685, 66.7401, 66.7401, -8.62866e-12, -8.62002e-12, -1.972e-14
2.985, 2.985, 0.166246, 4.38547e-14, 4.39899e-14, -131.726, 66.6864, 66.6864, -8.65719e-12, -8.66522e-12, -2.07514e-14
2.9925, 2.9925, 0.165798, 4.40177e-14, 4.4003e-14, -131.767, 66.6331, 66.6331, -8.69287e-12, -8.70269e-12, -2.18044e-14
3, 3, 0.165353, 4.42074e-14, 4.41568e-14, -131.808, 66.5799, 66.5799, -8.72095e-12, -8.73132e-12, -2.36079e-14
3.0075, 3.0075, 0.164911, 4.42995e-14, 4.42496e-14, -131.848, 66.527, 66.527, -8.75605e-12, -8.76458e-12, -2.3405e-14
3.015, 3.015, 0.164472, 4.43554e-14, 4.43378e-14, -131.888, 66.4744, 66.4744, -8.78573e-12, -8.8004e-12, -2.46359e-14
3.0225, 3.0225, 0.164036, 4.44695e-14, 4.44177e-14, -131.928, 66.422, 66.422, -8.82045e-12, -8.82841e-12, -2.63076e-14
3.03, 3.03, 0.163603, 4.45948e-14, 4.45412e-14, -131.968, 66.3699, 66.3699, -8.85664e-12, -8.85193e-12, -2.66441e-14
3.0375, 3.0375, 0.163172, 4.467e-14, 4.45698e-14, -132.007, 66.318, 66.318, -8.88864e-12, -8.88667e-12, -2.70443e-14
3.045, 3.045, 0.162744, 4.47529e-14, 4.46402e-14, -132.046, 66.2663, 66.2663, -8.91958e-12, -8.92938e-12, -2.63663e-14
3.0525, 3.0525, 0.162317, 4.48388e-14, 4.47288e-14, -132.085, 66.2149, 66.2149, -8.95103e-12, -8.95531e-12, -2.70577e-14
3.06, 3.06, 0.161893, 4.49009e-14, 4.48491e-14, -132.123, 66.1637, 66.1637, -8.98409e-12, -8.99073e-12, -2.74651e-14
3.0675, 3.0675, 0.161471, 4.5072e-14, 4.50035e-14, -132.161, 66.1128, 66.1128, -9.01273e-12, -9.0296e-12, -2.80292e-14
3.075, 3.075, 0.161049, 4.51433e-14, 4.51269e-14, -132.199, 66.0622, 66.0622, -9.04288e-12, -9.06128e-12, -2.7793e-14
3.0825, 3.0825, 0.16063, 4.52721e-14, 4.53018e-14, -132.237, 66.0117, 66.0117, -9.07384e-12, -9.08195e-12, -2.64987e-14
3.09, 3.09, 0.160211, 4.53244e-14, 4.53906e-14, -132.274, 65.9616, 65.9616, -9.10655e-12, -9.11423e-12, -2.65154e-14
3.0975, 3.0975, 0.159793, 4.5441e-14, 4.5453e-14, -132.311, 65.9116, 65.9116, -9.1355e-12, -9.13342e-12, -2.50961e-14
3.105, 3.105, 0.159377, 4.55848e-14, 4.55481e-14, -132.348, 65.8619, 65.8619, -9.16688e-12, -9.18608e-12, -2.57118e-14
3.1125, 3.1125, 0.158961, 4.56721e-14, 4.56693e-14, -132.385, 65.8125, 65.8125, -9.20423e-12, -9.21455e-12, -2.43014e-14
3.12, 3.12, 0.158545, 4.57123e-14, 4.5662e-14, -132.421, 65.7633, 65.7633, -9.23017e-12, -9.24025e-12, -2.41726e-14
3.1275, 3.1275, 0.158131, 4.57494e-14, 4.57146e-14, -132.457, 65.7144, 65.7144, -9.26362e-12, -9.28062e-12, -2.38919e-14
3.135, 3.135, 0.157717, 4.58662e-14, 4.58178e-14, -132.493, 65.6657, 65.6657, -9.29392e-12, -9.30406e-12, -2.24175e-14
3.1425, 3.1425, 0.157304, 4.59762e-14, 4.59713e-14, -132.528, 65.6172, 65.6172, -9.31991e-12, -9.34719e-12, -2.19383e-14
3.15, 3.15, 0.156891, 4.60516e-14, 4.60296e-14, -132.564, 65.569, 65.569, -9.34925e-12, -9.37783e-12, -2.20269e-14
3.1575, 3.1575, 0.15648, 4.61401e-14, 4.62349e-14, -132.599, 65.521, 65.521, -9.38227e-12, -9.39633e-12, -2.22333e-14
3.165, 3.165, 0.156069, 4.61774e-14, 4.63432e-14, -132.634, 65.4733, 65.4733, -9.42104e-12, -9.43784e-12, -2.18065e-14
3.1725, 3.1725, 0.155659, 4.62173e-14, 4.65041e-14, -132.668, 65.4258, 65.4258, -9.44683e-12, -9.45818e-12, -2.14599e-14
3.18, 3.18, 0.15525, 4.63658e-14, 4.65842e-14, -132.703, 65.3785, 65.3785, -9.47546e-12, -9.48308e-12, -2.03329e-14
3.1875, 3.1875, 0.154843, 4.65107e-14, 4.67602e-14, -132.737, 65.3315, 65.3315, -9.51081e-12, -9.51845e-12, -2.23813e-14
3.195, 3.195, 0.154437, 4.66321e-14, 4.68141e-14, -132.771, 65.2847, 65.2847, -9.54238e-12, -9.55569e-12, -2.22114e-14
3.2025, 3.2025, 0.154032, 4.67116e-14, 4.69061e-14, -132.805, 65.2381, 65.2381, -9.57013e-12, -9.58181e-12, -2.18718e-14
3.21, 3.21, 0.153629, 4.69325e-14, 4.70561e-14, -132.839, 65.1918, 65.1918, -9.59447e-12, -9.61053e-12, -2.36472e-14
3.2175, 3.2175, 0.153228, 4.7044e-14, 4.71345e-14, -132.872, 65.1457, 65.1457, -9.62781e-12, -9.65607e-12, -2.38847e-14
3.225, 3.225, 0.152829, 4.71552e-14, 4.72097e-14, -132.905, 65.0998, 65.0998, -9.66019e-12, -9.68181e-12, -2.49186e-14
3.2325, 3.2325, 0.152433, 4.73218e-14, 4.73861e-14, -132.938, 65.0541, 65.0541, -9.68819e-12, -9.69656e-12, -2.45052e-14
3.24, 3.24, 0.152038, 4.74731e-14, 4.75992e-14, -132.971, 65.0087, 65.0087, -9.72171e-12, -9.73496e-12, -2.48543e-14
3.2475, 3.2475, 0.151645, 4.76367e-14, 4.77332e-14, -133.004, 64.9635, 64.9635, -9.74986e-12, -9.75684e-12, -2.41318e-14
3.255, 3.255, 0.151255, 4.78634e-14, 4.78762e-14, -133.036, 64.9185, 64.9185, -9.77625e-12, -9.78757e-12, -2.32778e-14
3.2625, 3.2625, 0.150867, 4.80237e-14, 4.79726e-14, -133.069, 64.8736, 64.8736, -9.81014e-12, -9.81712e-12, -2.42878e-14
3.27, 3.27, 0.150482, 4.82409e-14, 4.8087e-14, -133.101, 64.8291, 64.8291, -9.83281e-12, -9.85032e-12, -2.51873e-14
3.2775, 3.2775, 0.150099, 4.83482e-14, 4.82262e-14, -133.133, 64.7847, 64.7847, -9.86771e-12, -9.88731e-12, -2.42653e-14
3.285, 3.285, 0.149718, 4.84544e-14, 4.83428e-14, -133.164, 64.7405, 64.7405, -9.89316e-12, -9.89192e-12, -2.47429e-14
3.2925, 3.2925, 0.149339, 4.86354e-14, 4.84836e-14, -133.196, 64.6965, 64.6965, -9.92095e-12, -9.946e-12, -2.4379e-14
3.3, 3.3, 0.148962, 4.87286e-14, 4.85171e-14, -133.227, 64.6528, 64.6528, -9.95771e-12, -9.97833e-12, -2.46178e-14
3.3075, 3.3075, 0.148588, 4.89151e-14, 4.86098e-14, -133.258, 64.6092, 64.6092, -9.97843e-12, -9.9922e-12, -2.54048e-14
3.315, 3.315, 0.148215, 4.91186e-14, 4.86927e-14, -133.289, 64.5658, 64.5658, -1.00099e-11, -1.00149e-11, -2.38991e-14
3.3225, 3.3225, 0.147844, 4.93594e-14, 4.88053e-14, -133.32, 64.5227, 64.5227, -1.00399e-11, -1.00571e-11, -2.43473e-14
3.33, 3.33, 0.147475, 4.95078e-14, 4.8843e-14, -133.351, 64.4797, 64.4797, -1.00628e-11, -1.00891e-11, -2.39898e-14
3.3375, 3.3375, 0.147107, 4.96085e-14, 4.88748e-14, -133.381, 64.437, 64.437, -1.00961e-11, -1.01033e-11, -2.29692e-14
3.345, 3.345, 0.146741, 4.96933e-14, 4.88703e-14, -133.411, 64.3944, 64.3944, -1.01234e-11, -1.01374e-11, -2.38772e-14
3.3525, 3.3525, 0.146376, 4.97432e-14, 4.89006e-14, -133.441, 64.352, 64.352, -1.01474e-11, -1.01692e-11, -2.37695e-14
3.36, 3.36, 0.146012, 4.97708e-14, 4.88947e-14, -133.471, 64.3099, 64.3099, -1.01783e-11, -1.01862e-11, -2.28751e-14
3.3675, 3.3675, 0.14565, 4.97913e-14, 4.89043e-14, -133.5, 64.2679, 64.2679, -1.0204e-11, -1.02075e-11, -2.32328e-14
3.375, 3.375, 0.145288, 4.98272e-14, 4.89515e-14, -133.53, 64.2261, 64.2261, -1.02295e-11, -1.02303e-11, -2.20872e-14
3.3825, 3.3825, 0.144928, 4.97477e-14, 4.89711e-14, -133.559, 64.1846, 64.1846, -1.02628e-11, -1.02746e-11, -2.20169e-14
3.39, 3.39, 0.144569, 4.97565e-14, 4.90175e-14, -133.588, 64.1432, 64.1432, -1.02904e-11, -1.02896e-11, -2.0738e-14
3.3975, 3.3975, 0.14421, 4.97661e-14, 4.90674e-14, -133.617, 64.102, 64.102, -1.03172e-11, -1.03392e-11, -1.90302e-14
3.405, 3.405, 0.143853, 4.97285e-14, 4.91512e-14, -133.645, 64.061, 64.061, -1.03426e-11, -1.0364e-11, -1.91389e-14
3.4125, 3.4125, 0.143498, 4.96589e-14, 4.91421e-14, -133.673, 64.0202, 64.0202, -1.03754e-11, -1.03884e-11, -1.78515e-14
3.42, 3.42, 0.143143, 4.95906e-14, 4.91464e-14, -133.701, 63.9795, 63.9795, -1.04006e-11, -1.04096e-11, -1.83518e-14
3.4275, 3.4275, 0.14279, 4.95753e-14, 4.9241e-14, -133.729, 63.9391, 63.9391, -1.04331e-11, -1.04361e-11, -1.83333e-14
3.435, 3.435, 0.142439, 4.95451e-14, 4.92784e-14, -133.757, 63.8988, 63.8988, -1.04495e-11, -1.04623e-11, -1.77301e-14
3.4425, 3.4425, 0.14209, 4.95275e-14, 4.92528e-14, -133.785, 63.8587, 63.8587, -1.04746e-11, -1.04897e-11, -1.77766e-14
3.45, 3.45, 0.141743, 4.94501e-14, 4.91928e-14, -133.812, 63.8188, 63.8188, -1.05079e-11, -1.05154e-11, -1.78826e-14
3.4575, 3.4575, 0.141399, 4.94203e-14, 4.92088e-14, -133.839, 63.779, 63.779, -1.05329e-11, -1.05415e-11, -1.70515e-14
3.465, 3.465, 0.141056, 4.93752e-14, 4.91559e-14, -133.866, 63.7395, 63.7395, -1.05617e-11, -1.05663e-11, -1.65773e-14
3.4725, 3.4725, 0.140717, 4.93642e-14, 4.91274e-14, -133.893, 63.7001, 63.7001, -1.05887e-11, -1.05956e-11, -1.74206e-14
3.48, 3.48, 0.140381, 4.93236e-14, 4.9121e-14, -133.92, 63.6608, 63.6608, -1.06075e-11, -1.06231e-11, -1.67073e-14
3.4875, 3.4875, 0.140047, 4.92123e-14, 4.90331e-14, -133.946, 63.6217, 63.6217, -1.06373e-11, -1.06571e-11, -1.77881e-14
3.495, 3.495, 0.139717, 4.9252e-14, 4.89717e-14, -133.973, 63.5828, 63.5828, -1.06632e-11, -1.06876e-11, -1.94299e-14
3.5025, 3.5025, 0.13939, 4.92212e-14, 4.8957e-14, -133.999, 63.5441, 63.5441, -1.06912e-11, -1.07168e-11, -1.96674e-14
3.51, 3.51, 0.139067, 4.91221e-14, 4.89617e-14, -134.025, 63.5054, 63.5054, -1.07178e-11, -1.07296e-11, -2.10672e-14
3.5175, 3.5175, 0.138747, 4.91264e-14, 4.89782e-14, -134.051, 63.467, 63.467, -1.07413e-11, -1.07497e-11, -2.12176e-14
3.525, 3.525, 0.138431, 4.90549e-14, 4.89429e-14, -134.077, 63.4287, 63.4287, -1.07671e-11, -1.07861e-11, -2.25692e-14
3.5325, 3.5325, 0.138118, 4.90878e-14, 4.88811e-14, -134.103, 63.3906, 63.3906, -1.07984e-11, -1.08091e-11, -2.29861e-14
3.54, 3.54, 0.137808, 4.90426e-14, 4.88224e-14, -134.128, 63.3526, 63.3526, -1.08271e-11, -1.08428e-11, -2.30801e-14
3.5475, 3.5475, 0.137502, 4.8978e-14, 4.88656e-14, -134.154, 63.3147, 63.3147, -1.08507e-11, -1.08617e-11, -2.37027e-14
3.555, 3.555, 0.137198, 4.9001e-14, 4.88004e-14, -134.179, 63.277, 63.277, -1.08835e-11, -1.09017e-11, -2.35219e-14
3.5625, 3.5625, 0.136897, 4.89762e-14, 4.87818e-14, -134.204, 63.2395, 63.2395, -1.0905e-11, -1.09187e-11, -2.32689e-14
3.57, 3.57, 0.136599, 4.89437e-14, 4.87149e-14, -134.229, 63.2021, 63.2021, -1.09316e-11, -1.09386e-11, -2.40538e-14
3.5775, 3.5775, 0.136302, 4.89791e-14, 4.87427e-14, -134.254, 63.1649, 63.1649, -1.09543e-11, -1.09668e-11, -2.44426e-14
3.585, 3.585, 0.136007, 4.89894e-14, 4.87223e-14, -134.279, 63.1278, 63.1278, -1.09877e-11, -1.09846e-11, -2.39109e-14
3.5925, 3.5925, 0.135713, 4.90284e-14, 4.87217e-14, -134.304, 63.0909, 63.0909, -1.10101e-11, -1.10277e-11, -2.47287e-14
3.6, 3.6, 0.13542, 4.91107e-14, 4.87097e-14, -134.328, 63.0541, 63.0541, -1.10367e-11, -1.10415e-11, -2.32392e-14
3.6075, 3.6075, 0.135127, 4.91361e-14, 4.87081e-14, -134.353, 63.0175, 63.0175, -1.10644e-11, -1.10527e-11, -2.37361e-14
3.615, 3.615, 0.134835, 4.92043e-14, 4.88686e-14, -134.377, 62.9811, 62.9811, -1.10907e-11, -1.10899e-11, -2.26744e-14
3.6225, 3.6225, 0.134541, 4.92034e-14, 4.88616e-14, -134.401, 62.9448, 62.9448, -1.11126e-11, -1.11113e-11, -2.24378e-14
3.63, 3.63, 0.134247, 4.926e-14, 4.89262e-14, -134.425, 62.9087, 62.9087, -1.11376e-11, -1.11451e-11, -2.25369e-14
3.6375, 3.6375, 0.133952, 4.92855e-14, 4.90073e-14, -134.448, 62.8727, 62.8727, -1.11614e-11, -1.11552e-11, -2.21992e-14
3.645, 3.645, 0.133655, 4.92617e-14, 4.89768e-14, -134.472, 62.8369, 62.8369, -1.11884e-11, -1.11908e-11, -2.29071e-14
3.6525, 3.6525, 0.133356, 4.92747e-14, 4.90356e-14, -134.495, 62.8013, 62.8013, -1.12065e-11, -1.12208e-11, -2.29386e-14
3.66, 3.66, 0.133055, 4.93808e-14, 4.90882e-14, -134.518, 62.7658, 62.7658, -1.12363e-11, -1.12234e-11, -2.33201e-14
3.6675, 3.6675, 0.132752, 4.95037e-14, 4.9216e-14, -134.541, 62.7305, 62.7305, -1.12594e-11, -1.12609e-11, -2.29155e-14
3.675, 3.675, 0.132446, 4.95871e-14, 4.94089e-14, -134.563, 62.6954, 62.6954, -1.12812e-11, -1.12796e-11, -2.28977e-14
3.6825, 3.6825, 0.132139, 4.97089e-14, 4.94914e-14, -134.586, 62.6604, 62.6604, -1.13086e-11, -1.13014e-11, -2.35145e-14
3.69, 3.69, 0.131829, 4.97515e-14, 4.95853e-14, -134.608, 62.6256, 62.6256, -1.13336e-11, -1.13204e-11, -2.2849e-14
3.6975, 3.6975, 0.131517, 4.97781e-14, 4.97041e-14, -134.63, 62.5909, 62.5909, -1.13551e-11, -1.1351e-11, -2.20999e-14
3.705, 3.705, 0.131204, 4.9863e-14, 4.98282e-14, -134.652, 62.5564, 62.5564, -1.13801e-11, -1.13728e-11, -2.25352e-14
3.7125, 3.7125, 0.130889, 5.00054e-14, 4.99864e-14, -134.674, 62.522, 62.522, -1.14007e-11, -1.13984e-11, -2.23134e-14
3.72, 3.72, 0.130573, 5.01899e-14, 5.02716e-14, -134.696, 62.4878, 62.4878, -1.14292e-11, -1.14232e-11, -2.26613e-14
3.7275, 3.7275, 0.130256, 5.03511e-14, 5.04444e-14, -134.717, 62.4538, 62.4538, -1.14494e-11, -1.14502e-11, -2.20842e-14
3.735, 3.735, 0.12994, 5.05309e-14, 5.06765e-14, -134.738, 62.4199, 62.4199, -1.14787e-11, -1.14827e-11, -2.22587e-14
3.7425, 3.7425, 0.129624, 5.07697e-14, 5.09125e-14, -134.759, 62.3861, 62.3861, -1.14975e-11, -1.15032e-11, -2.19022e-14
